{"cameraMode":{"drawMode":0,"name":"Shaded","section":"Shading Mode"},"sceneLighting":true,"audioPlay":false,"sceneViewState":{"m_AlwaysRefresh":false,"showFog":true,"showSkybox":true,"showFlares":true,"showImageEffects":true,"showParticleSystems":true,"showVisualEffectGraphs":true,"m_FxEnabled":true},"in2DMode":false,"pivot":{"x":61.209144592285159,"y":8.755590438842774,"z":104.42342376708985},"rotation":{"x":0.5421575307846069,"y":-0.0005095887463539839,"z":0.0003210222639609128,"w":0.8402822613716126},"size":120.25119018554688,"orthographic":true}