{"cameraMode":{"drawMode":0,"name":"Shaded","section":"Shading Mode"},"sceneLighting":true,"audioPlay":false,"sceneViewState":{"m_AlwaysRefresh":false,"showFog":true,"showSkybox":true,"showFlares":true,"showImageEffects":true,"showParticleSystems":true,"showVisualEffectGraphs":true,"m_FxEnabled":true},"in2DMode":false,"pivot":{"x":79.69380950927735,"y":10.640114784240723,"z":114.38066864013672},"rotation":{"x":0.6783196330070496,"y":-0.0059556202031672,"z":0.005492973141372204,"w":0.7347277402877808},"size":184.51673889160157,"orthographic":true}