{"cameraMode":{"drawMode":0,"name":"Shaded","section":"Shading Mode"},"sceneLighting":true,"audioPlay":false,"sceneViewState":{"m_AlwaysRefresh":false,"showFog":true,"showSkybox":true,"showFlares":true,"showImageEffects":true,"showParticleSystems":true,"showVisualEffectGraphs":true,"m_FxEnabled":true},"in2DMode":false,"pivot":{"x":-3.4248523712158205,"y":2.773747444152832,"z":21.22412872314453},"rotation":{"x":0.11041761934757233,"y":-0.8023062944412231,"z":0.15671230852603913,"w":0.5652931928634644},"size":18.514528274536134,"orthographic":false}