{"cameraMode":{"drawMode":0,"name":"Shaded","section":"Shading Mode"},"sceneLighting":true,"audioPlay":false,"sceneViewState":{"m_AlwaysRefresh":false,"showFog":true,"showSkybox":true,"showFlares":true,"showImageEffects":true,"showParticleSystems":true,"showVisualEffectGraphs":true,"m_FxEnabled":true},"in2DMode":false,"pivot":{"x":-13.244579315185547,"y":-0.1386871337890625,"z":12.617902755737305},"rotation":{"x":0.02125602960586548,"y":-0.7692934274673462,"z":0.6380338668823242,"w":0.025621091946959497},"size":24.998037338256837,"orthographic":true}