{"cameraMode":{"drawMode":0,"name":"Shaded","section":"Shading Mode"},"sceneLighting":true,"audioPlay":false,"sceneViewState":{"m_AlwaysRefresh":false,"showFog":true,"showSkybox":true,"showFlares":true,"showImageEffects":true,"showParticleSystems":true,"showVisualEffectGraphs":true,"m_FxEnabled":true},"in2DMode":false,"pivot":{"x":90.97932434082031,"y":45.537925720214847,"z":-37.18101119995117},"rotation":{"x":0.13137587904930116,"y":-0.1949351280927658,"z":0.026357516646385194,"w":0.9716210961341858},"size":3.660266160964966,"orthographic":false}