{"cameraMode":{"drawMode":0,"name":"Shaded","section":"Shading Mode"},"sceneLighting":true,"audioPlay":false,"sceneViewState":{"m_AlwaysRefresh":false,"showFog":true,"showSkybox":true,"showFlares":true,"showImageEffects":true,"showParticleSystems":true,"showVisualEffectGraphs":true,"m_FxEnabled":true},"in2DMode":false,"pivot":{"x":4.8974456787109379,"y":0.20495975017547608,"z":2.1172831058502199},"rotation":{"x":0.06515569984912873,"y":0.6730455756187439,"z":-0.05972078815102577,"w":0.7343044281005859},"size":10.52015209197998,"orthographic":false}